title,description,tags,price_suggestion,category,product_file,product_type
Gradient iPhone Android Phone Wallpaper | Premium Elegant Aesthetic,"Transform your iphone android phone with this stunning premium gradient wallpaper. Featuring Midnight Gold tones, this elegant design is perfect for anyone who loves clean, beautiful aesthetics. Digital download - get it instantly!","elegant wallpaper, gradient background, background, gradient wallpaper, digital wallpaper, gold wallpaper, luxury wallpaper, desktop wallpaper, digital download, instant download, aesthetic wallpaper, phone wallpaper","{'etsy': '$1.99-$3.99', 'gumroad': '$1.99'}",Digital Wallpaper,C:\Users\user\Desktop\biz_life\projects\project99\output\2026-02-15\motivational\wallpapers\wallpaper_midnight_gold_gradient_000_phone.png,wallpaper
Sophisticated Gradient Digital Wallpaper | Desktop Computer Mac PC Background,Beautiful sophisticated gradient digital wallpaper in Midnight Gold color palette. Perfect for your desktop computer mac pc. Instant digital download - no waiting! This premium design features a gradient style that will transform your screen. High resolution PNG file ready to use immediately.,"elegant wallpaper, gradient background, background, gradient wallpaper, digital wallpaper, gold wallpaper, luxury wallpaper, desktop wallpaper, digital download, instant download, aesthetic wallpaper, phone wallpaper","{'etsy': '$1.99-$3.99', 'gumroad': '$1.99'}",Digital Wallpaper,C:\Users\user\Desktop\biz_life\projects\project99\output\2026-02-15\motivational\wallpapers\wallpaper_midnight_gold_gradient_000_desktop.png,wallpaper
Dark Abstract Art Digital Wallpaper | iPhone Android Phone Background,"Transform your iphone android phone with this stunning dark abstract art wallpaper. Featuring Midnight Gold tones, this royal design is perfect for anyone who loves clean, beautiful aesthetics. Digital download - get it instantly!","elegant wallpaper, background, abstract art background, digital wallpaper, gold wallpaper, abstract art wallpaper, luxury wallpaper, desktop wallpaper, digital download, instant download, aesthetic wallpaper, phone wallpaper","{'etsy': '$1.99-$3.99', 'gumroad': '$1.99'}",Digital Wallpaper,C:\Users\user\Desktop\biz_life\projects\project99\output\2026-02-15\motivational\wallpapers\wallpaper_midnight_gold_abstract_001_phone.png,wallpaper
Abstract Art Desktop Computer Mac PC Wallpaper | Elegant Royal Aesthetic,"Transform your desktop computer mac pc with this stunning elegant abstract art wallpaper. Featuring Midnight Gold tones, this royal design is perfect for anyone who loves clean, beautiful aesthetics. Digital download - get it instantly!","elegant wallpaper, background, abstract art background, digital wallpaper, gold wallpaper, abstract art wallpaper, luxury wallpaper, desktop wallpaper, digital download, instant download, aesthetic wallpaper, phone wallpaper","{'etsy': '$1.99-$3.99', 'gumroad': '$1.99'}",Digital Wallpaper,C:\Users\user\Desktop\biz_life\projects\project99\output\2026-02-15\motivational\wallpapers\wallpaper_midnight_gold_abstract_001_desktop.png,wallpaper
Midnight Gold Minimalist Wallpaper | Luxury Digital Download,Beautiful sophisticated minimalist digital wallpaper in Midnight Gold color palette. Perfect for your iphone android phone. Instant digital download - no waiting! This luxury design features a minimalist style that will transform your screen. High resolution PNG file ready to use immediately.,"elegant wallpaper, background, minimalist background, digital wallpaper, gold wallpaper, luxury wallpaper, desktop wallpaper, digital download, instant download, aesthetic wallpaper, phone wallpaper, minimalist wallpaper","{'etsy': '$1.99-$3.99', 'gumroad': '$1.99'}",Digital Wallpaper,C:\Users\user\Desktop\biz_life\projects\project99\output\2026-02-15\motivational\wallpapers\wallpaper_midnight_gold_minimalist_002_phone.png,wallpaper
Minimalist Desktop Computer Mac PC Wallpaper | Premium Sophisticated Aesthetic,Beautiful premium minimalist digital wallpaper in Midnight Gold color palette. Perfect for your desktop computer mac pc. Instant digital download - no waiting! This sophisticated design features a minimalist style that will transform your screen. High resolution PNG file ready to use immediately.,"elegant wallpaper, background, minimalist background, digital wallpaper, gold wallpaper, luxury wallpaper, desktop wallpaper, digital download, instant download, aesthetic wallpaper, phone wallpaper, minimalist wallpaper","{'etsy': '$1.99-$3.99', 'gumroad': '$1.99'}",Digital Wallpaper,C:\Users\user\Desktop\biz_life\projects\project99\output\2026-02-15\motivational\wallpapers\wallpaper_midnight_gold_minimalist_002_desktop.png,wallpaper
Inspirational Quote Print | The best time to plant a tree was 20 yea... | Digital Wall Art,"""The best time to plant a tree was 20 years ago. The second best time is now."" - Chinese Proverb

Beautiful premium typography art print featuring this inspiring quote. Printed in Midnight Gold tones with a classic design style. Perfect for home office, bedroom, or living room decor. High resolution digital download - print at home or at any print shop. Multiple sizes included.","quote print, inspirational quote, wall art, digital print, printable art, typography print, motivational poster, home decor, office decor, premium art, instant download, quote wall art, digital download","{'etsy': '$2.99-$5.99', 'gumroad': '$2.99'}",Quote Art Print,C:\Users\user\Desktop\biz_life\projects\project99\output\2026-02-15\motivational\quotes\quote_midnight_gold_classic_000_print_8x10.png,quote_print
Royal Quote Art Print | Motivational Poster | Digital Download,"""This too shall pass."" - Persian Proverb

Beautiful royal typography art print featuring this inspiring quote. Printed in Midnight Gold tones with a modern design style. Perfect for home office, bedroom, or living room decor. High resolution digital download - print at home or at any print shop. Multiple sizes included.","quote print, inspirational quote, wall art, digital print, printable art, typography print, motivational poster, home decor, office decor, royal art, instant download, quote wall art, digital download","{'etsy': '$2.99-$5.99', 'gumroad': '$2.99'}",Quote Art Print,C:\Users\user\Desktop\biz_life\projects\project99\output\2026-02-15\motivational\quotes\quote_midnight_gold_modern_001_print_8x10.png,quote_print
Luxury Polka Dot Digital Pattern | Scrapbook Paper | Commercial Use,"Beautiful luxury polka dot seamless pattern in Midnight Gold colors. This versatile digital pattern is perfect for scrapbooking, fabric design, web backgrounds, packaging, and more. Includes both tile and full-size versions. High resolution 300 DPI PNG file. Tiles seamlessly in all directions.","seamless pattern, digital paper, polka dot pattern, scrapbook paper, background pattern, digital pattern, luxury pattern, commercial use, fabric design, surface pattern, instant download, digital download, tileable pattern","{'etsy': '$1.99-$3.99', 'gumroad': '$1.99'}",Digital Pattern,C:\Users\user\Desktop\biz_life\projects\project99\output\2026-02-15\motivational\patterns\pattern_midnight_gold_polka_dot_000_tile.png,seamless_pattern
Geometric Seamless Pattern | Midnight Gold | Digital Paper,"Beautiful gold geometric seamless pattern in Midnight Gold colors. This versatile digital pattern is perfect for scrapbooking, fabric design, web backgrounds, packaging, and more. Includes both tile and full-size versions. High resolution 300 DPI PNG file. Tiles seamlessly in all directions.","seamless pattern, digital paper, geometric pattern, scrapbook paper, background pattern, digital pattern, gold pattern, commercial use, fabric design, surface pattern, instant download, digital download, tileable pattern","{'etsy': '$1.99-$3.99', 'gumroad': '$1.99'}",Digital Pattern,C:\Users\user\Desktop\biz_life\projects\project99\output\2026-02-15\motivational\patterns\pattern_midnight_gold_geometric_001_tile.png,seamless_pattern
Professional Overthinking | Funny Gold Design | T-shirt Mug Hoodie,"""Professional Overthinking"" - Funny design perfect for t-shirts, mugs, hoodies, phone cases, and more. Gold color scheme that stands out. Available on all Redbubble products. Makes a great gift!","funny shirt, funny design, graphic tee, funny shirt, gold design, gift idea, t-shirt design, mug design, redbubble, print on demand, unisex",{'redbubble': 'Default markup + 20%'},POD Design,C:\Users\user\Desktop\biz_life\projects\project99\output\2026-02-15\motivational\pod\pod_midnight_gold_funny_text_bold_000.png,pod_design
Gradient iPhone Android Phone Wallpaper | Clean Monochrome Aesthetic,"Transform your iphone android phone with this stunning clean gradient wallpaper. Featuring Minimal B&W tones, this monochrome design is perfect for anyone who loves clean, beautiful aesthetics. Digital download - get it instantly!","gradient background, background, monochrome wallpaper, black and white wallpaper, gradient wallpaper, digital wallpaper, desktop wallpaper, digital download, instant download, aesthetic wallpaper, phone wallpaper, minimalist wallpaper","{'etsy': '$1.99-$3.99', 'gumroad': '$1.99'}",Digital Wallpaper,C:\Users\user\Desktop\biz_life\projects\project99\output\2026-02-15\minimalist\wallpapers\wallpaper_minimal_bw_gradient_000_phone.png,wallpaper
Gradient Desktop Computer Mac PC Wallpaper | Modern Black And White Aesthetic,Beautiful modern gradient digital wallpaper in Minimal B&W color palette. Perfect for your desktop computer mac pc. Instant digital download - no waiting! This black and white design features a gradient style that will transform your screen. High resolution PNG file ready to use immediately.,"gradient background, background, monochrome wallpaper, black and white wallpaper, gradient wallpaper, digital wallpaper, desktop wallpaper, digital download, instant download, aesthetic wallpaper, phone wallpaper, minimalist wallpaper","{'etsy': '$1.99-$3.99', 'gumroad': '$1.99'}",Digital Wallpaper,C:\Users\user\Desktop\biz_life\projects\project99\output\2026-02-15\minimalist\wallpapers\wallpaper_minimal_bw_gradient_000_desktop.png,wallpaper
Abstract Art iPhone Android Phone Wallpaper | Modern Clean Aesthetic,"Transform your iphone android phone with this stunning modern abstract art wallpaper. Featuring Minimal B&W tones, this clean design is perfect for anyone who loves clean, beautiful aesthetics. Digital download - get it instantly!","background, abstract art background, black and white wallpaper, monochrome wallpaper, digital wallpaper, abstract art wallpaper, desktop wallpaper, digital download, instant download, aesthetic wallpaper, phone wallpaper, minimalist wallpaper","{'etsy': '$1.99-$3.99', 'gumroad': '$1.99'}",Digital Wallpaper,C:\Users\user\Desktop\biz_life\projects\project99\output\2026-02-15\minimalist\wallpapers\wallpaper_minimal_bw_abstract_001_phone.png,wallpaper
Minimal B&W Abstract Art Wallpaper | Minimalist Digital Download,Beautiful monochrome abstract art digital wallpaper in Minimal B&W color palette. Perfect for your desktop computer mac pc. Instant digital download - no waiting! This minimalist design features a abstract art style that will transform your screen. High resolution PNG file ready to use immediately.,"background, abstract art background, black and white wallpaper, monochrome wallpaper, digital wallpaper, abstract art wallpaper, desktop wallpaper, digital download, instant download, aesthetic wallpaper, phone wallpaper, minimalist wallpaper","{'etsy': '$1.99-$3.99', 'gumroad': '$1.99'}",Digital Wallpaper,C:\Users\user\Desktop\biz_life\projects\project99\output\2026-02-15\minimalist\wallpapers\wallpaper_minimal_bw_abstract_001_desktop.png,wallpaper
Clean Minimalist Digital Wallpaper | iPhone Android Phone Background,"Transform your iphone android phone with this stunning clean minimalist wallpaper. Featuring Minimal B&W tones, this modern design is perfect for anyone who loves clean, beautiful aesthetics. Digital download - get it instantly!","background, minimalist background, black and white wallpaper, monochrome wallpaper, digital wallpaper, desktop wallpaper, digital download, instant download, aesthetic wallpaper, phone wallpaper, minimalist wallpaper","{'etsy': '$1.99-$3.99', 'gumroad': '$1.99'}",Digital Wallpaper,C:\Users\user\Desktop\biz_life\projects\project99\output\2026-02-15\minimalist\wallpapers\wallpaper_minimal_bw_minimalist_002_phone.png,wallpaper
Modern Minimalist Digital Wallpaper | Desktop Computer Mac PC Background,"Transform your desktop computer mac pc with this stunning modern minimalist wallpaper. Featuring Minimal B&W tones, this simple design is perfect for anyone who loves clean, beautiful aesthetics. Digital download - get it instantly!","background, minimalist background, black and white wallpaper, monochrome wallpaper, digital wallpaper, desktop wallpaper, digital download, instant download, aesthetic wallpaper, phone wallpaper, minimalist wallpaper","{'etsy': '$1.99-$3.99', 'gumroad': '$1.99'}",Digital Wallpaper,C:\Users\user\Desktop\biz_life\projects\project99\output\2026-02-15\minimalist\wallpapers\wallpaper_minimal_bw_minimalist_002_desktop.png,wallpaper
Printable Quote Wall Art | Unknown Quote | Minimal B&W Design,"""Good vibes only."" - Unknown

Beautiful simple typography art print featuring this inspiring quote. Printed in Minimal B&W tones with a classic design style. Perfect for home office, bedroom, or living room decor. High resolution digital download - print at home or at any print shop. Multiple sizes included.","quote print, inspirational quote, wall art, digital print, printable art, typography print, motivational poster, home decor, office decor, simple art, instant download, quote wall art, digital download","{'etsy': '$2.99-$5.99', 'gumroad': '$2.99'}",Quote Art Print,C:\Users\user\Desktop\biz_life\projects\project99\output\2026-02-15\minimalist\quotes\quote_minimal_bw_classic_000_print_8x10.png,quote_print
Minimalist Quote Art Print | Motivational Poster | Digital Download,"""Work hard in silence, let your success be your noise."" - Frank Ocean

Beautiful minimalist typography art print featuring this inspiring quote. Printed in Minimal B&W tones with a modern design style. Perfect for home office, bedroom, or living room decor. High resolution digital download - print at home or at any print shop. Multiple sizes included.","quote print, inspirational quote, wall art, digital print, printable art, typography print, motivational poster, home decor, office decor, minimalist art, instant download, quote wall art, digital download","{'etsy': '$2.99-$5.99', 'gumroad': '$2.99'}",Quote Art Print,C:\Users\user\Desktop\biz_life\projects\project99\output\2026-02-15\minimalist\quotes\quote_minimal_bw_modern_001_print_8x10.png,quote_print
Polka Dot Seamless Pattern | Minimal B&W | Digital Paper,"Beautiful minimalist polka dot seamless pattern in Minimal B&W colors. This versatile digital pattern is perfect for scrapbooking, fabric design, web backgrounds, packaging, and more. Includes both tile and full-size versions. High resolution 300 DPI PNG file. Tiles seamlessly in all directions.","seamless pattern, digital paper, polka dot pattern, scrapbook paper, background pattern, digital pattern, minimalist pattern, commercial use, fabric design, surface pattern, instant download, digital download, tileable pattern","{'etsy': '$1.99-$3.99', 'gumroad': '$1.99'}",Digital Pattern,C:\Users\user\Desktop\biz_life\projects\project99\output\2026-02-15\minimalist\patterns\pattern_minimal_bw_polka_dot_000_tile.png,seamless_pattern
Seamless Geometric Pattern | Simple Digital Background,"Beautiful simple geometric seamless pattern in Minimal B&W colors. This versatile digital pattern is perfect for scrapbooking, fabric design, web backgrounds, packaging, and more. Includes both tile and full-size versions. High resolution 300 DPI PNG file. Tiles seamlessly in all directions.","seamless pattern, digital paper, geometric pattern, scrapbook paper, background pattern, digital pattern, simple pattern, commercial use, fabric design, surface pattern, instant download, digital download, tileable pattern","{'etsy': '$1.99-$3.99', 'gumroad': '$1.99'}",Digital Pattern,C:\Users\user\Desktop\biz_life\projects\project99\output\2026-02-15\minimalist\patterns\pattern_minimal_bw_geometric_001_tile.png,seamless_pattern
Minimalist T-Shirt Design | BLOOM | Unisex Graphic Tee,"""BLOOM"" - Minimalist design perfect for t-shirts, mugs, hoodies, phone cases, and more. Black And White color scheme that stands out. Available on all Redbubble products. Makes a great gift!","minimalist shirt, minimalist design, graphic tee, funny shirt, black and white design, gift idea, t-shirt design, mug design, redbubble, print on demand, unisex",{'redbubble': 'Default markup + 20%'},POD Design,C:\Users\user\Desktop\biz_life\projects\project99\output\2026-02-15\minimalist\pod\pod_minimal_bw_minimal_text_bold_000.png,pod_design
Pastel Spring Gradient Wallpaper | Light Digital Download,Beautiful cute gradient digital wallpaper in Pastel Spring color palette. Perfect for your iphone android phone. Instant digital download - no waiting! This light design features a gradient style that will transform your screen. High resolution PNG file ready to use immediately.,"gradient background, pastel wallpaper, background, spring wallpaper, gradient wallpaper, digital wallpaper, desktop wallpaper, digital download, instant download, aesthetic wallpaper, phone wallpaper, soft wallpaper","{'etsy': '$1.99-$3.99', 'gumroad': '$1.99'}",Digital Wallpaper,C:\Users\user\Desktop\biz_life\projects\project99\output\2026-02-15\aesthetic\wallpapers\wallpaper_pastel_spring_gradient_000_phone.png,wallpaper
Gradient Desktop Computer Mac PC Wallpaper | Spring Pastel Aesthetic,"Transform your desktop computer mac pc with this stunning spring gradient wallpaper. Featuring Pastel Spring tones, this pastel design is perfect for anyone who loves clean, beautiful aesthetics. Digital download - get it instantly!","gradient background, pastel wallpaper, background, spring wallpaper, gradient wallpaper, digital wallpaper, desktop wallpaper, digital download, instant download, aesthetic wallpaper, phone wallpaper, soft wallpaper","{'etsy': '$1.99-$3.99', 'gumroad': '$1.99'}",Digital Wallpaper,C:\Users\user\Desktop\biz_life\projects\project99\output\2026-02-15\aesthetic\wallpapers\wallpaper_pastel_spring_gradient_000_desktop.png,wallpaper
Kawaii Abstract Art Digital Wallpaper | iPhone Android Phone Background,"Transform your iphone android phone with this stunning kawaii abstract art wallpaper. Featuring Pastel Spring tones, this spring design is perfect for anyone who loves clean, beautiful aesthetics. Digital download - get it instantly!","pastel wallpaper, background, abstract art background, spring wallpaper, digital wallpaper, abstract art wallpaper, desktop wallpaper, digital download, instant download, aesthetic wallpaper, phone wallpaper, soft wallpaper","{'etsy': '$1.99-$3.99', 'gumroad': '$1.99'}",Digital Wallpaper,C:\Users\user\Desktop\biz_life\projects\project99\output\2026-02-15\aesthetic\wallpapers\wallpaper_pastel_spring_abstract_001_phone.png,wallpaper
Spring Abstract Art Digital Wallpaper | Desktop Computer Mac PC Background,Beautiful spring abstract art digital wallpaper in Pastel Spring color palette. Perfect for your desktop computer mac pc. Instant digital download - no waiting! This gentle design features a abstract art style that will transform your screen. High resolution PNG file ready to use immediately.,"pastel wallpaper, background, abstract art background, spring wallpaper, digital wallpaper, abstract art wallpaper, desktop wallpaper, digital download, instant download, aesthetic wallpaper, phone wallpaper, soft wallpaper","{'etsy': '$1.99-$3.99', 'gumroad': '$1.99'}",Digital Wallpaper,C:\Users\user\Desktop\biz_life\projects\project99\output\2026-02-15\aesthetic\wallpapers\wallpaper_pastel_spring_abstract_001_desktop.png,wallpaper
Pastel Minimalist Digital Wallpaper | iPhone Android Phone Background,Beautiful pastel minimalist digital wallpaper in Pastel Spring color palette. Perfect for your iphone android phone. Instant digital download - no waiting! This gentle design features a minimalist style that will transform your screen. High resolution PNG file ready to use immediately.,"pastel wallpaper, background, minimalist background, spring wallpaper, soft wallpaper, digital wallpaper, desktop wallpaper, digital download, instant download, aesthetic wallpaper, phone wallpaper, minimalist wallpaper","{'etsy': '$1.99-$3.99', 'gumroad': '$1.99'}",Digital Wallpaper,C:\Users\user\Desktop\biz_life\projects\project99\output\2026-02-15\aesthetic\wallpapers\wallpaper_pastel_spring_minimalist_002_phone.png,wallpaper
Minimalist Desktop Computer Mac PC Wallpaper | Soft Cute Aesthetic,Beautiful soft minimalist digital wallpaper in Pastel Spring color palette. Perfect for your desktop computer mac pc. Instant digital download - no waiting! This cute design features a minimalist style that will transform your screen. High resolution PNG file ready to use immediately.,"pastel wallpaper, background, minimalist background, spring wallpaper, soft wallpaper, digital wallpaper, desktop wallpaper, digital download, instant download, aesthetic wallpaper, phone wallpaper, minimalist wallpaper","{'etsy': '$1.99-$3.99', 'gumroad': '$1.99'}",Digital Wallpaper,C:\Users\user\Desktop\biz_life\projects\project99\output\2026-02-15\aesthetic\wallpapers\wallpaper_pastel_spring_minimalist_002_desktop.png,wallpaper
Printable Quote Wall Art | Unknown Quote | Pastel Spring Design,"""Hustle in silence, let success make the noise."" - Unknown

Beautiful spring typography art print featuring this inspiring quote. Printed in Pastel Spring tones with a classic design style. Perfect for home office, bedroom, or living room decor. High resolution digital download - print at home or at any print shop. Multiple sizes included.","quote print, inspirational quote, wall art, digital print, printable art, typography print, motivational poster, home decor, office decor, spring art, instant download, quote wall art, digital download","{'etsy': '$2.99-$5.99', 'gumroad': '$2.99'}",Quote Art Print,C:\Users\user\Desktop\biz_life\projects\project99\output\2026-02-15\aesthetic\quotes\quote_pastel_spring_classic_000_print_8x10.png,quote_print
Gentle Quote Art Print | Motivational Poster | Digital Download,"""Everything you've ever wanted is on the other side of fear."" - George Addair

Beautiful gentle typography art print featuring this inspiring quote. Printed in Pastel Spring tones with a modern design style. Perfect for home office, bedroom, or living room decor. High resolution digital download - print at home or at any print shop. Multiple sizes included.","quote print, inspirational quote, wall art, digital print, printable art, typography print, motivational poster, home decor, office decor, gentle art, instant download, quote wall art, digital download","{'etsy': '$2.99-$5.99', 'gumroad': '$2.99'}",Quote Art Print,C:\Users\user\Desktop\biz_life\projects\project99\output\2026-02-15\aesthetic\quotes\quote_pastel_spring_modern_001_print_8x10.png,quote_print
Seamless Polka Dot Pattern | Gentle Digital Background,"Beautiful gentle polka dot seamless pattern in Pastel Spring colors. This versatile digital pattern is perfect for scrapbooking, fabric design, web backgrounds, packaging, and more. Includes both tile and full-size versions. High resolution 300 DPI PNG file. Tiles seamlessly in all directions.","seamless pattern, digital paper, polka dot pattern, scrapbook paper, background pattern, digital pattern, gentle pattern, commercial use, fabric design, surface pattern, instant download, digital download, tileable pattern","{'etsy': '$1.99-$3.99', 'gumroad': '$1.99'}",Digital Pattern,C:\Users\user\Desktop\biz_life\projects\project99\output\2026-02-15\aesthetic\patterns\pattern_pastel_spring_polka_dot_000_tile.png,seamless_pattern
Geometric Seamless Pattern | Pastel Spring | Digital Paper,"Beautiful spring geometric seamless pattern in Pastel Spring colors. This versatile digital pattern is perfect for scrapbooking, fabric design, web backgrounds, packaging, and more. Includes both tile and full-size versions. High resolution 300 DPI PNG file. Tiles seamlessly in all directions.","seamless pattern, digital paper, geometric pattern, scrapbook paper, background pattern, digital pattern, spring pattern, commercial use, fabric design, surface pattern, instant download, digital download, tileable pattern","{'etsy': '$1.99-$3.99', 'gumroad': '$1.99'}",Digital Pattern,C:\Users\user\Desktop\biz_life\projects\project99\output\2026-02-15\aesthetic\patterns\pattern_pastel_spring_geometric_001_tile.png,seamless_pattern
Fueled by Code & Coffee | Profession Soft Design | T-shirt Mug Hoodie,"""Fueled by Code & Coffee"" - Profession design perfect for t-shirts, mugs, hoodies, phone cases, and more. Soft color scheme that stands out. Available on all Redbubble products. Makes a great gift!","profession shirt, profession design, graphic tee, funny shirt, soft design, gift idea, t-shirt design, mug design, redbubble, print on demand, unisex",{'redbubble': 'Default markup + 20%'},POD Design,C:\Users\user\Desktop\biz_life\projects\project99\output\2026-02-15\aesthetic\pod\pod_pastel_spring_profession_text_bold_000.png,pod_design
Organic Gradient Digital Wallpaper | iPhone Android Phone Background,"Transform your iphone android phone with this stunning organic gradient wallpaper. Featuring Forest Calm tones, this nature design is perfect for anyone who loves clean, beautiful aesthetics. Digital download - get it instantly!","forest wallpaper, gradient background, background, gradient wallpaper, digital wallpaper, nature wallpaper, green wallpaper, desktop wallpaper, digital download, instant download, aesthetic wallpaper, phone wallpaper","{'etsy': '$1.99-$3.99', 'gumroad': '$1.99'}",Digital Wallpaper,C:\Users\user\Desktop\biz_life\projects\project99\output\2026-02-15\nature\wallpapers\wallpaper_forest_calm_gradient_000_phone.png,wallpaper
Calming Gradient Digital Wallpaper | Desktop Computer Mac PC Background,"Transform your desktop computer mac pc with this stunning calming gradient wallpaper. Featuring Forest Calm tones, this forest design is perfect for anyone who loves clean, beautiful aesthetics. Digital download - get it instantly!","forest wallpaper, gradient background, background, gradient wallpaper, digital wallpaper, nature wallpaper, green wallpaper, desktop wallpaper, digital download, instant download, aesthetic wallpaper, phone wallpaper","{'etsy': '$1.99-$3.99', 'gumroad': '$1.99'}",Digital Wallpaper,C:\Users\user\Desktop\biz_life\projects\project99\output\2026-02-15\nature\wallpapers\wallpaper_forest_calm_gradient_000_desktop.png,wallpaper
Fresh Abstract Art Digital Wallpaper | iPhone Android Phone Background,"Transform your iphone android phone with this stunning fresh abstract art wallpaper. Featuring Forest Calm tones, this nature design is perfect for anyone who loves clean, beautiful aesthetics. Digital download - get it instantly!","forest wallpaper, background, abstract art background, digital wallpaper, nature wallpaper, abstract art wallpaper, green wallpaper, desktop wallpaper, digital download, instant download, aesthetic wallpaper, phone wallpaper","{'etsy': '$1.99-$3.99', 'gumroad': '$1.99'}",Digital Wallpaper,C:\Users\user\Desktop\biz_life\projects\project99\output\2026-02-15\nature\wallpapers\wallpaper_forest_calm_abstract_001_phone.png,wallpaper
Forest Calm Abstract Art Wallpaper | Forest Digital Download,Beautiful green abstract art digital wallpaper in Forest Calm color palette. Perfect for your desktop computer mac pc. Instant digital download - no waiting! This forest design features a abstract art style that will transform your screen. High resolution PNG file ready to use immediately.,"forest wallpaper, background, abstract art background, digital wallpaper, nature wallpaper, abstract art wallpaper, green wallpaper, desktop wallpaper, digital download, instant download, aesthetic wallpaper, phone wallpaper","{'etsy': '$1.99-$3.99', 'gumroad': '$1.99'}",Digital Wallpaper,C:\Users\user\Desktop\biz_life\projects\project99\output\2026-02-15\nature\wallpapers\wallpaper_forest_calm_abstract_001_desktop.png,wallpaper
Forest Calm Minimalist Wallpaper | Fresh Digital Download,Beautiful botanical minimalist digital wallpaper in Forest Calm color palette. Perfect for your iphone android phone. Instant digital download - no waiting! This fresh design features a minimalist style that will transform your screen. High resolution PNG file ready to use immediately.,"forest wallpaper, background, minimalist background, digital wallpaper, nature wallpaper, green wallpaper, desktop wallpaper, digital download, instant download, aesthetic wallpaper, phone wallpaper, minimalist wallpaper","{'etsy': '$1.99-$3.99', 'gumroad': '$1.99'}",Digital Wallpaper,C:\Users\user\Desktop\biz_life\projects\project99\output\2026-02-15\nature\wallpapers\wallpaper_forest_calm_minimalist_002_phone.png,wallpaper
Botanical Minimalist Digital Wallpaper | Desktop Computer Mac PC Background,Beautiful botanical minimalist digital wallpaper in Forest Calm color palette. Perfect for your desktop computer mac pc. Instant digital download - no waiting! This nature design features a minimalist style that will transform your screen. High resolution PNG file ready to use immediately.,"forest wallpaper, background, minimalist background, digital wallpaper, nature wallpaper, green wallpaper, desktop wallpaper, digital download, instant download, aesthetic wallpaper, phone wallpaper, minimalist wallpaper","{'etsy': '$1.99-$3.99', 'gumroad': '$1.99'}",Digital Wallpaper,C:\Users\user\Desktop\biz_life\projects\project99\output\2026-02-15\nature\wallpapers\wallpaper_forest_calm_minimalist_002_desktop.png,wallpaper
Inspirational Quote Print | Create your own sunshine. | Digital Wall Art,"""Create your own sunshine."" - Unknown

Beautiful organic typography art print featuring this inspiring quote. Printed in Forest Calm tones with a classic design style. Perfect for home office, bedroom, or living room decor. High resolution digital download - print at home or at any print shop. Multiple sizes included.","quote print, inspirational quote, wall art, digital print, printable art, typography print, motivational poster, home decor, office decor, organic art, instant download, quote wall art, digital download","{'etsy': '$2.99-$5.99', 'gumroad': '$2.99'}",Quote Art Print,C:\Users\user\Desktop\biz_life\projects\project99\output\2026-02-15\nature\quotes\quote_forest_calm_classic_000_print_8x10.png,quote_print
Printable Quote Wall Art | Theodore Roosevelt Quote | Forest Calm Design,"""Believe you can and you're halfway there."" - Theodore Roosevelt

Beautiful nature typography art print featuring this inspiring quote. Printed in Forest Calm tones with a modern design style. Perfect for home office, bedroom, or living room decor. High resolution digital download - print at home or at any print shop. Multiple sizes included.","quote print, inspirational quote, wall art, digital print, printable art, typography print, motivational poster, home decor, office decor, nature art, instant download, quote wall art, digital download","{'etsy': '$2.99-$5.99', 'gumroad': '$2.99'}",Quote Art Print,C:\Users\user\Desktop\biz_life\projects\project99\output\2026-02-15\nature\quotes\quote_forest_calm_modern_001_print_8x10.png,quote_print
Organic Polka Dot Digital Pattern | Scrapbook Paper | Commercial Use,"Beautiful organic polka dot seamless pattern in Forest Calm colors. This versatile digital pattern is perfect for scrapbooking, fabric design, web backgrounds, packaging, and more. Includes both tile and full-size versions. High resolution 300 DPI PNG file. Tiles seamlessly in all directions.","seamless pattern, digital paper, polka dot pattern, scrapbook paper, background pattern, digital pattern, organic pattern, commercial use, fabric design, surface pattern, instant download, digital download, tileable pattern","{'etsy': '$1.99-$3.99', 'gumroad': '$1.99'}",Digital Pattern,C:\Users\user\Desktop\biz_life\projects\project99\output\2026-02-15\nature\patterns\pattern_forest_calm_polka_dot_000_tile.png,seamless_pattern
Nature Geometric Digital Pattern | Scrapbook Paper | Commercial Use,"Beautiful nature geometric seamless pattern in Forest Calm colors. This versatile digital pattern is perfect for scrapbooking, fabric design, web backgrounds, packaging, and more. Includes both tile and full-size versions. High resolution 300 DPI PNG file. Tiles seamlessly in all directions.","seamless pattern, digital paper, geometric pattern, scrapbook paper, background pattern, digital pattern, nature pattern, commercial use, fabric design, surface pattern, instant download, digital download, tileable pattern","{'etsy': '$1.99-$3.99', 'gumroad': '$1.99'}",Digital Pattern,C:\Users\user\Desktop\biz_life\projects\project99\output\2026-02-15\nature\patterns\pattern_forest_calm_geometric_001_tile.png,seamless_pattern
BLOOM | Minimalist Nature Design | T-shirt Mug Hoodie,"""BLOOM"" - Minimalist design perfect for t-shirts, mugs, hoodies, phone cases, and more. Nature color scheme that stands out. Available on all Redbubble products. Makes a great gift!","minimalist shirt, minimalist design, graphic tee, funny shirt, nature design, gift idea, t-shirt design, mug design, redbubble, print on demand, unisex",{'redbubble': 'Default markup + 20%'},POD Design,C:\Users\user\Desktop\biz_life\projects\project99\output\2026-02-15\nature\pod\pod_forest_calm_minimal_text_bold_000.png,pod_design
Black And White Gradient Digital Wallpaper | iPhone Android Phone Background,"Transform your iphone android phone with this stunning black and white gradient wallpaper. Featuring Minimal B&W tones, this minimalist design is perfect for anyone who loves clean, beautiful aesthetics. Digital download - get it instantly!","gradient background, background, monochrome wallpaper, black and white wallpaper, gradient wallpaper, digital wallpaper, desktop wallpaper, digital download, instant download, aesthetic wallpaper, phone wallpaper, minimalist wallpaper","{'etsy': '$1.99-$3.99', 'gumroad': '$1.99'}",Digital Wallpaper,C:\Users\user\Desktop\biz_life\projects\project99\output\2026-02-15\geometric\wallpapers\wallpaper_minimal_bw_gradient_000_phone.png,wallpaper
Simple Gradient Digital Wallpaper | Desktop Computer Mac PC Background,"Transform your desktop computer mac pc with this stunning simple gradient wallpaper. Featuring Minimal B&W tones, this modern design is perfect for anyone who loves clean, beautiful aesthetics. Digital download - get it instantly!","gradient background, background, monochrome wallpaper, black and white wallpaper, gradient wallpaper, digital wallpaper, desktop wallpaper, digital download, instant download, aesthetic wallpaper, phone wallpaper, minimalist wallpaper","{'etsy': '$1.99-$3.99', 'gumroad': '$1.99'}",Digital Wallpaper,C:\Users\user\Desktop\biz_life\projects\project99\output\2026-02-15\geometric\wallpapers\wallpaper_minimal_bw_gradient_000_desktop.png,wallpaper
Modern Abstract Art Digital Wallpaper | iPhone Android Phone Background,Beautiful modern abstract art digital wallpaper in Minimal B&W color palette. Perfect for your iphone android phone. Instant digital download - no waiting! This minimalist design features a abstract art style that will transform your screen. High resolution PNG file ready to use immediately.,"background, abstract art background, black and white wallpaper, monochrome wallpaper, digital wallpaper, abstract art wallpaper, desktop wallpaper, digital download, instant download, aesthetic wallpaper, phone wallpaper, minimalist wallpaper","{'etsy': '$1.99-$3.99', 'gumroad': '$1.99'}",Digital Wallpaper,C:\Users\user\Desktop\biz_life\projects\project99\output\2026-02-15\geometric\wallpapers\wallpaper_minimal_bw_abstract_001_phone.png,wallpaper
Simple Abstract Art Digital Wallpaper | Desktop Computer Mac PC Background,"Transform your desktop computer mac pc with this stunning simple abstract art wallpaper. Featuring Minimal B&W tones, this modern design is perfect for anyone who loves clean, beautiful aesthetics. Digital download - get it instantly!","background, abstract art background, black and white wallpaper, monochrome wallpaper, digital wallpaper, abstract art wallpaper, desktop wallpaper, digital download, instant download, aesthetic wallpaper, phone wallpaper, minimalist wallpaper","{'etsy': '$1.99-$3.99', 'gumroad': '$1.99'}",Digital Wallpaper,C:\Users\user\Desktop\biz_life\projects\project99\output\2026-02-15\geometric\wallpapers\wallpaper_minimal_bw_abstract_001_desktop.png,wallpaper
Simple Minimalist Digital Wallpaper | iPhone Android Phone Background,Beautiful simple minimalist digital wallpaper in Minimal B&W color palette. Perfect for your iphone android phone. Instant digital download - no waiting! This clean design features a minimalist style that will transform your screen. High resolution PNG file ready to use immediately.,"background, minimalist background, black and white wallpaper, monochrome wallpaper, digital wallpaper, desktop wallpaper, digital download, instant download, aesthetic wallpaper, phone wallpaper, minimalist wallpaper","{'etsy': '$1.99-$3.99', 'gumroad': '$1.99'}",Digital Wallpaper,C:\Users\user\Desktop\biz_life\projects\project99\output\2026-02-15\geometric\wallpapers\wallpaper_minimal_bw_minimalist_002_phone.png,wallpaper
Minimal B&W Minimalist Wallpaper | Minimalist Digital Download,"Transform your desktop computer mac pc with this stunning black and white minimalist wallpaper. Featuring Minimal B&W tones, this minimalist design is perfect for anyone who loves clean, beautiful aesthetics. Digital download - get it instantly!","background, minimalist background, black and white wallpaper, monochrome wallpaper, digital wallpaper, desktop wallpaper, digital download, instant download, aesthetic wallpaper, phone wallpaper, minimalist wallpaper","{'etsy': '$1.99-$3.99', 'gumroad': '$1.99'}",Digital Wallpaper,C:\Users\user\Desktop\biz_life\projects\project99\output\2026-02-15\geometric\wallpapers\wallpaper_minimal_bw_minimalist_002_desktop.png,wallpaper
Monochrome Quote Art Print | Motivational Poster | Digital Download,"""Life is really simple, but we insist on making it complicated."" - Confucius

Beautiful monochrome typography art print featuring this inspiring quote. Printed in Minimal B&W tones with a classic design style. Perfect for home office, bedroom, or living room decor. High resolution digital download - print at home or at any print shop. Multiple sizes included.","quote print, inspirational quote, wall art, digital print, printable art, typography print, motivational poster, home decor, office decor, monochrome art, instant download, quote wall art, digital download","{'etsy': '$2.99-$5.99', 'gumroad': '$2.99'}",Quote Art Print,C:\Users\user\Desktop\biz_life\projects\project99\output\2026-02-15\geometric\quotes\quote_minimal_bw_classic_000_print_8x10.png,quote_print
Monochrome Quote Art Print | Motivational Poster | Digital Download,"""Create your own sunshine."" - Unknown

Beautiful monochrome typography art print featuring this inspiring quote. Printed in Minimal B&W tones with a modern design style. Perfect for home office, bedroom, or living room decor. High resolution digital download - print at home or at any print shop. Multiple sizes included.","quote print, inspirational quote, wall art, digital print, printable art, typography print, motivational poster, home decor, office decor, monochrome art, instant download, quote wall art, digital download","{'etsy': '$2.99-$5.99', 'gumroad': '$2.99'}",Quote Art Print,C:\Users\user\Desktop\biz_life\projects\project99\output\2026-02-15\geometric\quotes\quote_minimal_bw_modern_001_print_8x10.png,quote_print
Seamless Polka Dot Pattern | Modern Digital Background,"Beautiful modern polka dot seamless pattern in Minimal B&W colors. This versatile digital pattern is perfect for scrapbooking, fabric design, web backgrounds, packaging, and more. Includes both tile and full-size versions. High resolution 300 DPI PNG file. Tiles seamlessly in all directions.","seamless pattern, digital paper, polka dot pattern, scrapbook paper, background pattern, digital pattern, modern pattern, commercial use, fabric design, surface pattern, instant download, digital download, tileable pattern","{'etsy': '$1.99-$3.99', 'gumroad': '$1.99'}",Digital Pattern,C:\Users\user\Desktop\biz_life\projects\project99\output\2026-02-15\geometric\patterns\pattern_minimal_bw_polka_dot_000_tile.png,seamless_pattern
Seamless Geometric Pattern | Clean Digital Background,"Beautiful clean geometric seamless pattern in Minimal B&W colors. This versatile digital pattern is perfect for scrapbooking, fabric design, web backgrounds, packaging, and more. Includes both tile and full-size versions. High resolution 300 DPI PNG file. Tiles seamlessly in all directions.","seamless pattern, digital paper, geometric pattern, scrapbook paper, background pattern, digital pattern, clean pattern, commercial use, fabric design, surface pattern, instant download, digital download, tileable pattern","{'etsy': '$1.99-$3.99', 'gumroad': '$1.99'}",Digital Pattern,C:\Users\user\Desktop\biz_life\projects\project99\output\2026-02-15\geometric\patterns\pattern_minimal_bw_geometric_001_tile.png,seamless_pattern
UNSTOPPABLE | Motivational Minimalist Design | T-shirt Mug Hoodie,"""UNSTOPPABLE"" - Motivational design perfect for t-shirts, mugs, hoodies, phone cases, and more. Minimalist color scheme that stands out. Available on all Redbubble products. Makes a great gift!","motivational shirt, motivational design, graphic tee, funny shirt, minimalist design, gift idea, t-shirt design, mug design, redbubble, print on demand, unisex",{'redbubble': 'Default markup + 20%'},POD Design,C:\Users\user\Desktop\biz_life\projects\project99\output\2026-02-15\geometric\pod\pod_minimal_bw_motivational_text_bold_000.png,pod_design
Rose Gold Gradient Wallpaper | Blush Digital Download,"Transform your iphone android phone with this stunning romantic gradient wallpaper. Featuring Rose Gold tones, this blush design is perfect for anyone who loves clean, beautiful aesthetics. Digital download - get it instantly!","rose wallpaper, gradient background, background, gradient wallpaper, digital wallpaper, romantic wallpaper, pink wallpaper, desktop wallpaper, digital download, instant download, aesthetic wallpaper, phone wallpaper","{'etsy': '$1.99-$3.99', 'gumroad': '$1.99'}",Digital Wallpaper,C:\Users\user\Desktop\biz_life\projects\project99\output\2026-02-15\luxury\wallpapers\wallpaper_rose_gold_gradient_000_phone.png,wallpaper
Feminine Gradient Digital Wallpaper | Desktop Computer Mac PC Background,"Transform your desktop computer mac pc with this stunning feminine gradient wallpaper. Featuring Rose Gold tones, this romantic design is perfect for anyone who loves clean, beautiful aesthetics. Digital download - get it instantly!","rose wallpaper, gradient background, background, gradient wallpaper, digital wallpaper, romantic wallpaper, pink wallpaper, desktop wallpaper, digital download, instant download, aesthetic wallpaper, phone wallpaper","{'etsy': '$1.99-$3.99', 'gumroad': '$1.99'}",Digital Wallpaper,C:\Users\user\Desktop\biz_life\projects\project99\output\2026-02-15\luxury\wallpapers\wallpaper_rose_gold_gradient_000_desktop.png,wallpaper
Rose Gold Abstract Art Wallpaper | Rose Digital Download,Beautiful blush abstract art digital wallpaper in Rose Gold color palette. Perfect for your iphone android phone. Instant digital download - no waiting! This rose design features a abstract art style that will transform your screen. High resolution PNG file ready to use immediately.,"rose wallpaper, background, abstract art background, digital wallpaper, romantic wallpaper, pink wallpaper, abstract art wallpaper, desktop wallpaper, digital download, instant download, aesthetic wallpaper, phone wallpaper","{'etsy': '$1.99-$3.99', 'gumroad': '$1.99'}",Digital Wallpaper,C:\Users\user\Desktop\biz_life\projects\project99\output\2026-02-15\luxury\wallpapers\wallpaper_rose_gold_abstract_001_phone.png,wallpaper
Abstract Art Desktop Computer Mac PC Wallpaper | Romantic Pink Aesthetic,"Transform your desktop computer mac pc with this stunning romantic abstract art wallpaper. Featuring Rose Gold tones, this pink design is perfect for anyone who loves clean, beautiful aesthetics. Digital download - get it instantly!","rose wallpaper, background, abstract art background, digital wallpaper, romantic wallpaper, pink wallpaper, abstract art wallpaper, desktop wallpaper, digital download, instant download, aesthetic wallpaper, phone wallpaper","{'etsy': '$1.99-$3.99', 'gumroad': '$1.99'}",Digital Wallpaper,C:\Users\user\Desktop\biz_life\projects\project99\output\2026-02-15\luxury\wallpapers\wallpaper_rose_gold_abstract_001_desktop.png,wallpaper
Minimalist iPhone Android Phone Wallpaper | Soft Pink Aesthetic,Beautiful soft minimalist digital wallpaper in Rose Gold color palette. Perfect for your iphone android phone. Instant digital download - no waiting! This pink design features a minimalist style that will transform your screen. High resolution PNG file ready to use immediately.,"rose wallpaper, background, minimalist background, digital wallpaper, romantic wallpaper, pink wallpaper, desktop wallpaper, digital download, instant download, aesthetic wallpaper, phone wallpaper, minimalist wallpaper","{'etsy': '$1.99-$3.99', 'gumroad': '$1.99'}",Digital Wallpaper,C:\Users\user\Desktop\biz_life\projects\project99\output\2026-02-15\luxury\wallpapers\wallpaper_rose_gold_minimalist_002_phone.png,wallpaper
Rose Gold Minimalist Wallpaper | Soft Digital Download,Beautiful feminine minimalist digital wallpaper in Rose Gold color palette. Perfect for your desktop computer mac pc. Instant digital download - no waiting! This soft design features a minimalist style that will transform your screen. High resolution PNG file ready to use immediately.,"rose wallpaper, background, minimalist background, digital wallpaper, romantic wallpaper, pink wallpaper, desktop wallpaper, digital download, instant download, aesthetic wallpaper, phone wallpaper, minimalist wallpaper","{'etsy': '$1.99-$3.99', 'gumroad': '$1.99'}",Digital Wallpaper,C:\Users\user\Desktop\biz_life\projects\project99\output\2026-02-15\luxury\wallpapers\wallpaper_rose_gold_minimalist_002_desktop.png,wallpaper
Inspirational Quote Print | The purpose of our lives is to be happy. | Digital Wall Art,"""The purpose of our lives is to be happy."" - Dalai Lama

Beautiful soft typography art print featuring this inspiring quote. Printed in Rose Gold tones with a classic design style. Perfect for home office, bedroom, or living room decor. High resolution digital download - print at home or at any print shop. Multiple sizes included.","quote print, inspirational quote, wall art, digital print, printable art, typography print, motivational poster, home decor, office decor, soft art, instant download, quote wall art, digital download","{'etsy': '$2.99-$5.99', 'gumroad': '$2.99'}",Quote Art Print,C:\Users\user\Desktop\biz_life\projects\project99\output\2026-02-15\luxury\quotes\quote_rose_gold_classic_000_print_8x10.png,quote_print
Pink Quote Art Print | Motivational Poster | Digital Download,"""The dream is free. The hustle is sold separately."" - Unknown

Beautiful pink typography art print featuring this inspiring quote. Printed in Rose Gold tones with a modern design style. Perfect for home office, bedroom, or living room decor. High resolution digital download - print at home or at any print shop. Multiple sizes included.","quote print, inspirational quote, wall art, digital print, printable art, typography print, motivational poster, home decor, office decor, pink art, instant download, quote wall art, digital download","{'etsy': '$2.99-$5.99', 'gumroad': '$2.99'}",Quote Art Print,C:\Users\user\Desktop\biz_life\projects\project99\output\2026-02-15\luxury\quotes\quote_rose_gold_modern_001_print_8x10.png,quote_print
Seamless Polka Dot Pattern | Soft Digital Background,"Beautiful soft polka dot seamless pattern in Rose Gold colors. This versatile digital pattern is perfect for scrapbooking, fabric design, web backgrounds, packaging, and more. Includes both tile and full-size versions. High resolution 300 DPI PNG file. Tiles seamlessly in all directions.","seamless pattern, digital paper, polka dot pattern, scrapbook paper, background pattern, digital pattern, soft pattern, commercial use, fabric design, surface pattern, instant download, digital download, tileable pattern","{'etsy': '$1.99-$3.99', 'gumroad': '$1.99'}",Digital Pattern,C:\Users\user\Desktop\biz_life\projects\project99\output\2026-02-15\luxury\patterns\pattern_rose_gold_polka_dot_000_tile.png,seamless_pattern
Elegant Geometric Digital Pattern | Scrapbook Paper | Commercial Use,"Beautiful elegant geometric seamless pattern in Rose Gold colors. This versatile digital pattern is perfect for scrapbooking, fabric design, web backgrounds, packaging, and more. Includes both tile and full-size versions. High resolution 300 DPI PNG file. Tiles seamlessly in all directions.","seamless pattern, digital paper, geometric pattern, scrapbook paper, background pattern, digital pattern, elegant pattern, commercial use, fabric design, surface pattern, instant download, digital download, tileable pattern","{'etsy': '$1.99-$3.99', 'gumroad': '$1.99'}",Digital Pattern,C:\Users\user\Desktop\biz_life\projects\project99\output\2026-02-15\luxury\patterns\pattern_rose_gold_geometric_001_tile.png,seamless_pattern
UNSTOPPABLE | Motivational Romantic Design | T-shirt Mug Hoodie,"""UNSTOPPABLE"" - Motivational design perfect for t-shirts, mugs, hoodies, phone cases, and more. Romantic color scheme that stands out. Available on all Redbubble products. Makes a great gift!","motivational shirt, motivational design, graphic tee, funny shirt, romantic design, gift idea, t-shirt design, mug design, redbubble, print on demand, unisex",{'redbubble': 'Default markup + 20%'},POD Design,C:\Users\user\Desktop\biz_life\projects\project99\output\2026-02-15\luxury\pod\pod_rose_gold_motivational_text_bold_000.png,pod_design
